epoch_time,time_offset_min,sat_id,system,prn,azimuth_deg,elevation_deg,range_m,transit_time_s,sat_clock_error_s,ephemeris_age_s,visible,status
2026-01-08 05:59:39,0,C01,BeiDou,1,144.940140842499,36.4222311239129,38018751.9301795,0.126816905881533,-0.00022966766152327,20.88400000002,1,visible
2026-01-08 05:59:39,0,C02,BeiDou,2,226.143982126562,27.8769029793499,38794537.114773,0.129404646713204,0.000796200969189518,20.88400000002,1,visible
2026-01-08 05:59:39,0,C03,BeiDou,3,193.791206477538,40.4414663985256,37749978.5277819,0.125920374313692,0.000914384036845684,20.88400000002,1,visible
2026-01-08 05:59:39,0,C04,BeiDou,4,128.263445539162,26.7167880823043,38903009.0511728,0.1297664701464,-0.00088693562787527,20.88400000002,1,visible
2026-01-08 05:59:39,0,C05,BeiDou,5,248.678114368494,11.2768571098931,40408501.3666503,0.1347882519668,-0.00016528285983381,20.88400000002,1,visible
2026-01-08 05:59:39,0,C06,BeiDou,6,169.207868805219,84.3979245008998,35760369.4962767,0.119283752949771,5.07575790272154e-05,20.88400000002,1,visible
2026-01-08 05:59:39,0,C07,BeiDou,7,241.159365277131,64.1498550764723,36532769.2762782,0.121860201287246,0.000445025875674783,20.88400000002,1,visible
2026-01-08 05:59:39,0,C08,BeiDou,8,189.886034194977,-16.9132583262991,43521372.0344946,0.145171670844683,-0.000657296288400892,20.88400000002,0,below_elevation_mask
2026-01-08 05:59:39,0,C09,BeiDou,9,311.167333846806,76.9754431310096,36099520.6658509,0.120415039479916,0.000201093642944137,20.88400000002,1,visible
2026-01-08 05:59:39,0,C10,BeiDou,10,240.07132263708,48.7660259028624,37577309.6788543,0.125344413030078,-0.000391859168428298,20.88400000002,1,visible
2026-01-08 05:59:39,0,C11,BeiDou,11,72.5279721218669,63.1342273428575,22115817.5950794,0.0737704268567003,0.000818101832330366,20.88400000002,1,visible
2026-01-08 05:59:39,0,C12,BeiDou,12,40.0007038488761,15.4910222784539,25569870.8658595,0.0852919083970401,0.000172237572389519,20.88400000002,1,visible
2026-01-08 05:59:39,0,C13,BeiDou,13,201.543613357958,-16.0682260468834,43219969.8826273,0.1441663014839,-0.000270357666162013,20.88400000002,0,below_elevation_mask
2026-01-08 05:59:39,0,C14,BeiDou,14,150.156989136949,-21.301433168043,29549084.2579744,0.0985651355444519,-0.000735979762449763,20.88400000002,0,below_elevation_mask
2026-01-08 05:59:39,0,C16,BeiDou,16,159.417948756431,84.0262942277665,35840225.3097738,0.119550123271526,-0.000869247842776904,20.88400000002,1,visible
2026-01-08 05:59:39,0,C19,BeiDou,19,352.03464362128,-9.98561951616976,28334364.3370437,0.0945132660310076,-0.000960910823579182,20.88400000002,0,below_elevation_mask
2026-01-08 05:59:39,0,C20,BeiDou,20,311.55603579635,0.189664575187336,27177356.898596,0.0906539046375745,-0.00094683457367363,20.88400000002,1,visible
2026-01-08 05:59:39,0,C21,BeiDou,21,81.3818384132421,-28.5370022535397,30369560.3147377,0.101301949079512,-0.000894092852104183,20.88400000002,0,below_elevation_mask
2026-01-08 05:59:39,0,C22,BeiDou,22,35.9921298141111,-22.1370647718706,29678420.0284855,0.0989965532371249,0.000428692731655193,20.88400000002,0,below_elevation_mask
2026-01-08 05:59:39,0,C23,BeiDou,23,328.597894235386,64.436339828731,22024613.6942614,0.0734662033901513,-0.000513185307123117,20.88400000002,1,visible
2026-01-08 05:59:39,0,C24,BeiDou,24,119.161219825853,2.29065140866484,26926730.9847477,0.0898179065757141,1.62791931806182e-05,20.88400000002,1,visible
2026-01-08 05:59:39,0,C25,BeiDou,25,104.298508581701,56.7402734467387,22359307.6954181,0.0745826224067921,0.000966588085280135,20.88400000002,1,visible
2026-01-08 05:59:39,0,C26,BeiDou,26,126.713157931188,-35.2829330237216,31116777.6156719,0.103794397708537,-0.000578411761712898,20.88400000002,0,below_elevation_mask
2026-01-08 05:59:39,0,C27,BeiDou,27,215.569780255698,-16.9081352464371,29079396.230019,0.0969984249237483,0.00057923676562116,20.88400000002,0,below_elevation_mask
2026-01-08 05:59:39,0,C28,BeiDou,28,206.386776375561,18.9633038232933,25157226.0020789,0.0839154732907887,0.000468863238487421,20.88400000002,1,visible
2026-01-08 05:59:39,0,C29,BeiDou,29,328.409427763733,-79.7132847495367,34159260.5272362,0.113943028304055,0.0005472727283713,20.88400000002,0,below_elevation_mask
2026-01-08 05:59:39,0,C30,BeiDou,30,230.005870832078,-57.0184272517236,33037180.5899959,0.110200172513999,0.000360069996122583,20.88400000002,0,below_elevation_mask
2026-01-08 05:59:39,0,C32,BeiDou,32,261.574224368151,3.39216574510125,26803285.6272685,0.0894061371859746,-0.000966180935682841,20.88400000002,1,visible
2026-01-08 05:59:39,0,C33,BeiDou,33,172.141668671218,-15.6222149192599,28917631.1716712,0.096458834770524,-0.000956763402019882,20.88400000002,0,below_elevation_mask
2026-01-08 05:59:39,0,C34,BeiDou,34,50.0722688709258,39.7023083999749,23396552.8867504,0.078042499944246,0.000858343423513122,20.88400000002,1,visible
2026-01-08 05:59:39,0,C35,BeiDou,35,27.5884147617409,-43.9745050701785,31979998.962794,0.106673794184622,-0.000224222135359163,20.88400000002,0,below_elevation_mask
2026-01-08 05:59:39,0,C36,BeiDou,36,283.652505491431,-67.4134029405261,33671151.1397463,0.112314870642097,0.000306302790980014,20.88400000002,0,below_elevation_mask
2026-01-08 05:59:39,0,C37,BeiDou,37,306.968984264072,15.7499045830938,25493880.450748,0.085038431656436,-0.0009054927787423,20.88400000002,1,visible
2026-01-08 05:59:39,0,C38,BeiDou,38,177.232507149479,-12.1154504748728,42936847.8252464,0.14322190795489,0.000267550559322898,20.88400000002,0,below_elevation_mask
2026-01-08 05:59:39,0,C39,BeiDou,39,153.43642645435,69.0364610901,36039266.8422315,0.120214054358337,-1.77831372942715e-05,20.88400000002,1,visible
2026-01-08 05:59:39,0,C40,BeiDou,40,238.133449063876,72.4681184959734,36192655.7807945,0.120725704783389,-0.000197974223384382,20.88400000002,1,visible
2026-01-08 05:59:39,0,C41,BeiDou,41,213.445461760058,-4.04340999760477,27584248.89976,0.0920111502596906,-0.000946769156752174,20.88400000002,0,below_elevation_mask
2026-01-08 05:59:39,0,C42,BeiDou,42,125.870544736096,-25.9775425792185,30050793.6681269,0.100238657998951,-0.000920732409738347,20.88400000002,0,below_elevation_mask
2026-01-08 05:59:39,0,C43,BeiDou,43,160.638437431094,71.7652213525373,21763790.8028218,0.072596191872251,0.000129189894462,20.88400000002,1,visible
2026-01-08 05:59:39,0,C44,BeiDou,44,37.0674116326888,-8.0134826333186,28083877.9055923,0.0936777332323426,0.000906290285568306,20.88400000002,0,below_elevation_mask
2026-01-08 05:59:39,0,C45,BeiDou,45,152.36467364834,-75.002476689732,34014727.3537755,0.11346091753174,-0.000635401063025335,20.88400000002,0,below_elevation_mask
2026-01-08 05:59:39,0,C46,BeiDou,46,298.527791703808,-29.5009693043255,30469079.7522288,0.101633910190725,-0.000334576532207436,20.88400000002,0,below_elevation_mask
2026-01-08 05:59:39,0,C47,BeiDou,47,NaN,NaN,NaN,NaN,NaN,20.88400000002,0,failed: 未能为卫星 C47 找到合适的星历。
2026-01-08 05:59:39,0,C48,BeiDou,48,NaN,NaN,NaN,NaN,NaN,20.88400000002,0,failed: 未能为卫星 C48 找到合适的星历。
2026-01-08 05:59:39,0,C49,BeiDou,49,NaN,NaN,NaN,NaN,NaN,20.88400000002,0,failed: 未能为卫星 C49 找到合适的星历。
2026-01-08 05:59:39,0,C50,BeiDou,50,NaN,NaN,NaN,NaN,NaN,20.88400000002,0,failed: 未能为卫星 C50 找到合适的星历。
2026-01-08 05:59:39,0,C59,BeiDou,59,150.975112118705,37.7551272316461,37954498.6140817,0.126602579889057,-2.38133197139977e-07,20.88400000002,1,visible
2026-01-08 05:59:39,0,C60,BeiDou,60,229.733315756187,25.1663962814292,39038847.4585085,0.130219578300761,-1.82984928486631e-08,20.88400000002,1,visible
2026-01-08 05:59:39,0,C62,BeiDou,62,NaN,NaN,NaN,NaN,NaN,20.88400000002,0,failed: 未能为卫星 C62 找到合适的星历。
2026-01-08 05:59:39,0,R01,GLONASS,1,119.680361629766,-37.5993583254147,28875387.0766015,0.09631792363703,0.000153666213936638,879.115992039442,0,below_elevation_mask
2026-01-08 05:59:39,0,R02,GLONASS,2,163.624880253506,-28.3267802365318,27844501.751985,0.0928792603314425,1.267623156309e-05,879.115992039442,0,below_elevation_mask
2026-01-08 05:59:39,0,R03,GLONASS,3,207.276516324114,-7.34583461967886,25450089.8158672,0.0848923618214144,0.0001364275813103,879.115992039442,0,below_elevation_mask
2026-01-08 05:59:39,0,R04,GLONASS,4,247.668515053882,10.0570538203373,23592884.7342277,0.0786973924948696,0.00033093214194573,879.115992039442,1,visible
2026-01-08 05:59:39,0,R05,GLONASS,5,295.021669674052,14.9462891545334,23116116.7128216,0.0771070655580722,0.000161711909676311,879.115992039442,1,visible
2026-01-08 05:59:39,0,R06,GLONASS,6,341.024363427504,1.83260068699633,24521188.8106176,0.081793881587967,2.26506963372e-05,879.115992039442,1,visible
2026-01-08 05:59:39,0,R07,GLONASS,7,26.3770085973555,-20.1558234987822,27062160.4763681,0.0902696507340692,0.000117119253469136,879.115992039442,0,below_elevation_mask
2026-01-08 05:59:39,0,R08,GLONASS,8,68.5075807273694,-35.5945330754916,28717758.9992501,0.0957921329670346,-2.392567694187e-06,879.115992039442,0,below_elevation_mask
2026-01-08 05:59:39,0,R09,GLONASS,9,274.992782025789,-56.1919439583724,30592118.0137234,0.102044321654427,0.000300801845734799,879.115992039442,0,below_elevation_mask
2026-01-08 05:59:39,0,R10,GLONASS,10,199.570137817254,-71.9763441176331,31479608.4455419,0.105004671083293,-0.000433350172038371,879.115992039442,0,below_elevation_mask
2026-01-08 05:59:39,0,R11,GLONASS,11,138.459655053865,-48.129411058558,29875212.8151339,0.0996529833153238,1.213885843754e-05,879.115992039442,0,below_elevation_mask
2026-01-08 05:59:39,0,R12,GLONASS,12,116.649213257796,-9.0292263691621,25710618.2364954,0.0857613910904169,6.37898602055834e-05,879.115992039442,0,below_elevation_mask
2026-01-08 05:59:39,0,R13,GLONASS,13,97.7282924648508,29.6521405491911,21743193.0307697,0.0725274851002746,-6.578955799341e-05,879.115992039442,1,visible
2026-01-08 05:59:39,0,R14,GLONASS,14,13.8945961196384,60.124291456179,19792590.9594543,0.066020976950175,3.09925526381e-05,879.115992039442,1,visible
2026-01-08 05:59:39,0,R15,GLONASS,15,316.592767508527,23.1294782499385,22346885.3518361,0.0745411859288206,6.03860244155e-05,879.115992039442,1,visible
2026-01-08 05:59:39,0,R16,GLONASS,16,296.783693148503,-19.0550384009444,26896633.4885751,0.0897175121349286,4.37803946863391e-05,879.115992039442,0,below_elevation_mask
2026-01-08 05:59:39,0,R17,GLONASS,17,186.585700385426,29.0214422237461,21805510.4695397,0.0727353537010584,0.00025988418849907,879.115992039442,1,visible
2026-01-08 05:59:39,0,R18,GLONASS,18,198.848723306984,-11.7161659540117,25976813.2612449,0.0866493221161852,0.000241183527604629,879.115992039442,0,below_elevation_mask
2026-01-08 05:59:39,0,R19,GLONASS,19,214.3435336831,-49.1812971899797,29971314.819749,0.0999735450974855,2.84832731559246e-05,879.115992039442,0,below_elevation_mask
2026-01-08 05:59:39,0,R20,GLONASS,20,280.902600107084,-76.5142951345298,31668231.1390495,0.10563384866423,0.00022769998759,879.115992039442,0,below_elevation_mask
2026-01-08 05:59:39,0,R21,GLONASS,21,1.86925137360204,-56.2908089976701,30561946.1096961,0.101943679015755,-0.000270350243277897,879.115992039442,0,below_elevation_mask
2026-01-08 05:59:39,0,R22,GLONASS,22,20.2333301425898,-13.2359753517893,26247124.1195449,0.0875509820848959,0.000104671830818445,879.115992039442,0,below_elevation_mask
2026-01-08 05:59:39,0,R23,GLONASS,23,30.5839515668123,21.8599485900877,22452578.5925114,0.0748937406307648,-0.0001756697893143,879.115992039442,1,visible
2026-01-08 05:59:39,0,R24,GLONASS,24,111.656726369445,70.3295215593278,19433990.9410624,0.0648248160434456,-0.000141747930776861,879.115992039442,1,visible
2026-01-08 05:59:39,0,R26,GLONASS,26,NaN,NaN,NaN,NaN,NaN,4520.88400796056,0,ephemeris_too_old
2026-01-08 05:59:39,0,R27,GLONASS,27,NaN,NaN,NaN,NaN,NaN,879.115992039442,0,failed: 未找到 GLONASS 卫星 R27 的合适星历。
2026-01-08 05:59:39,0,R28,GLONASS,28,NaN,NaN,NaN,NaN,NaN,4479.11599874496,0,ephemeris_too_old
2026-01-08 05:59:39,0,G01,GPS,1,180.881654935049,10.5966687033255,24590999.4308615,0.0820267447517357,0.00034590483662086,20.88400000002,1,visible
2026-01-08 05:59:39,0,G02,GPS,2,162.744094189024,38.3307645185855,21791234.3346561,0.0726877336409045,1.19412721468897e-05,20.88400000002,1,visible
2026-01-08 05:59:39,0,G03,GPS,3,191.235736059641,-17.0607478830215,27867475.4878587,0.0929558924656427,0.000604142689741308,20.88400000002,0,below_elevation_mask
2026-01-08 05:59:39,0,G04,GPS,4,207.356996904332,16.4109699405117,23933400.0122369,0.0798332292009726,3.68134759204004e-05,20.88400000002,1,visible
2026-01-08 05:59:39,0,G05,GPS,5,331.086150946237,-17.9326618807536,27736140.9689508,0.0925178076659647,-0.000226905453071915,20.88400000002,0,below_elevation_mask
2026-01-08 05:59:39,0,G06,GPS,6,238.70600746301,-51.9228808536694,31266366.9404984,0.104293373986408,-0.000600066479319005,20.88400000002,0,below_elevation_mask
2026-01-08 05:59:39,0,G07,GPS,7,310.699831760305,44.5970143678153,22110665.8812192,0.0737532425889752,-0.000132254368207768,20.88400000002,1,visible
2026-01-08 05:59:39,0,G08,GPS,8,332.725686665226,81.2319677281602,19976905.2253799,0.0666357831636307,0.00050662248811741,20.88400000002,1,visible
2026-01-08 05:59:39,0,G09,GPS,9,241.061703374108,24.3979465631701,23230807.2771521,0.0774896321012589,0.000769946570918857,20.88400000002,1,visible
2026-01-08 05:59:39,0,G10,GPS,10,85.3488272482505,-4.6391376108451,26538289.3497563,0.0885222047505821,-0.000580904232014532,4.88400000002002,0,below_elevation_mask
2026-01-08 05:59:39,0,G11,GPS,11,293.238783145888,-61.4915238085191,31937965.4824881,0.10653358558636,-0.000481757158372139,4.88400000002002,0,below_elevation_mask
2026-01-08 05:59:39,0,G12,GPS,12,180.344396624791,-74.6990308114981,32883826.3150986,0.10968863771449,-0.000606267640970982,20.88400000002,0,below_elevation_mask
2026-01-08 05:59:39,0,G13,GPS,13,346.759795082115,-15.7364506792346,27324439.9487989,0.0911445208831734,0.000690235504527447,11.11599999998,0,below_elevation_mask
2026-01-08 05:59:39,0,G14,GPS,14,281.425392108218,-5.6374787137818,26598781.3535423,0.0887239843556782,0.000727408791040877,20.88400000002,0,below_elevation_mask
2026-01-08 05:59:39,0,G15,GPS,15,10.6527230226961,-25.9239412692806,28358730.6616311,0.0945945433411507,0.000374690516352626,20.88400000002,0,below_elevation_mask
2026-01-08 05:59:39,0,G16,GPS,16,75.5289324392411,33.2505831120815,22485653.1916324,0.0750040656180629,0.000183507895376162,20.88400000002,1,visible
2026-01-08 05:59:39,0,G17,GPS,17,229.275387343697,-19.0065293291131,27597843.8542655,0.0920564981466796,-2.59296423398261e-05,20.88400000002,0,below_elevation_mask
2026-01-08 05:59:39,0,G18,GPS,18,27.3316428138924,-3.99434242921728,26263028.8982668,0.0876040347161329,-0.000456490811127241,20.88400000002,0,below_elevation_mask
2026-01-08 05:59:39,0,G19,GPS,19,226.859738804591,-35.4995598426326,29913894.3948244,0.0997820111766268,0.0006845243428094,20.88400000002,0,below_elevation_mask
2026-01-08 05:59:39,0,G20,GPS,20,304.863537618573,-27.6768110119544,28913907.1686909,0.0964464128336774,0.000361792293249358,11.11599999998,0,below_elevation_mask
2026-01-08 05:59:39,0,G21,GPS,21,305.299475617592,-19.5450358248678,28031276.0571039,0.093502272352375,0.000375646459697728,20.88400000002,0,below_elevation_mask
2026-01-08 05:59:39,0,G22,GPS,22,273.851456520514,-17.6800571381815,27612449.6295924,0.0921052177689955,-6.12054812609414e-05,4.88400000002002,0,below_elevation_mask
2026-01-08 05:59:39,0,G23,GPS,23,51.3960824524013,-4.5466859080303,26458933.9200009,0.0882575035293281,0.000596595600106855,20.88400000002,0,below_elevation_mask
2026-01-08 05:59:39,0,G24,GPS,24,357.319589872469,-73.2438006556803,32542463.1527105,0.108549972770531,-0.000171319952728528,20.88400000002,0,below_elevation_mask
2026-01-08 05:59:39,0,G25,GPS,25,123.039759702528,-57.5831949245936,32057468.2034625,0.106932203756315,0.000451303867304355,20.88400000002,0,below_elevation_mask
2026-01-08 05:59:39,0,G26,GPS,26,97.5851843278581,7.74188913173984,25136883.5762104,0.0838476182619989,-0.000307869216543431,20.88400000002,1,visible
2026-01-08 05:59:39,0,G27,GPS,27,41.4751921749809,52.3215536815787,20914461.5014153,0.0697631342727618,-1.44838444314772e-05,20.88400000002,1,visible
2026-01-08 05:59:39,0,G28,GPS,28,140.563915456476,-24.765965829065,28585260.5331289,0.0953501656573658,-0.000614100554400041,20.88400000002,0,below_elevation_mask
2026-01-08 05:59:39,0,G29,GPS,29,52.475099027756,-50.9977674624738,31138006.4850554,0.103865209594617,-0.000396610956673745,4.88400000002002,0,below_elevation_mask
2026-01-08 05:59:39,0,G30,GPS,30,315.871114225485,16.8304272407389,24192310.1930526,0.0806968606029862,8.08447676559623e-05,4.88400000002002,1,visible
2026-01-08 05:59:39,0,G31,GPS,31,142.15193411124,0.973239129435446,25945062.0164875,0.0865434113638959,-0.00017377900031318,11.11599999998,1,visible
2026-01-08 05:59:39,0,G32,GPS,32,117.126853193118,-42.1117518050591,30303610.2996069,0.101081963508258,-0.000172747961799279,4.88400000002002,0,below_elevation_mask
2026-01-08 05:59:39,0,E02,Galileo,2,271.731626170249,-11.2386148449785,30163357.2669784,0.100614129748982,8.74516001983813e-06,20.88400000002,0,below_elevation_mask
2026-01-08 05:59:39,0,E03,Galileo,3,301.836953441762,23.8363963907874,26453472.3332668,0.0882392856369548,7.63550439018813e-06,20.88400000002,1,visible
2026-01-08 05:59:39,0,E04,Galileo,4,158.908535928833,-16.8869844932027,30794037.7692416,0.102717853459948,-3.59041928164499e-05,20.88400000002,0,below_elevation_mask
2026-01-08 05:59:39,0,E05,Galileo,5,243.181072266061,36.0993507957965,25391812.5348406,0.0846979697362519,3.52491716853697e-06,1220.88400000002,1,visible
2026-01-08 05:59:39,0,E06,Galileo,6,174.286265461211,-0.912719360051021,28996151.1850601,0.096720749342734,-0.000216665386622549,20.88400000002,0,below_elevation_mask
2026-01-08 05:59:39,0,E07,Galileo,7,11.3367864203601,-36.1468522567156,32920788.9034237,0.109811931637799,-3.75570422481236e-05,20.88400000002,0,below_elevation_mask
2026-01-08 05:59:39,0,E08,Galileo,8,338.646117730194,-6.61298588747136,29663450.5581391,0.0989466204588079,-6.95733310228641e-05,20.88400000002,0,below_elevation_mask
2026-01-08 05:59:39,0,E09,Galileo,9,191.358997604546,14.0054991692637,27395760.6672216,0.0913824211922689,-0.000164521110995491,579.11599999998,1,visible
2026-01-08 05:59:39,0,E10,Galileo,10,143.228293077891,33.1731133750108,25617782.9547503,0.0854517259228392,-0.000763126630240703,20.88400000002,1,visible
2026-01-08 05:59:39,0,E11,Galileo,11,168.025806816244,17.1876021352556,27059838.9375092,0.0902619069139797,0.00349390069788027,579.11599999998,1,visible
2026-01-08 05:59:39,0,E12,Galileo,12,113.719988375524,40.3488971742001,25058594.1520331,0.0835864728526063,-1.72395726366398e-05,20.88400000002,1,visible
2026-01-08 05:59:39,0,E13,Galileo,13,346.982685083274,-39.3292495392598,33253760.1511553,0.110922604167565,-4.60871880702564e-05,20.88400000002,0,below_elevation_mask
2026-01-08 05:59:39,0,E14,Galileo,14,53.7749593859786,8.83136998799334,23176652.413079,0.0773089909189077,0.00602456829988658,20.88400000002,1,visible
2026-01-08 05:59:39,0,E15,Galileo,15,291.475570405457,-56.7417811802922,34728925.2871032,0.115843225405968,-0.000226867251368235,20.88400000002,0,below_elevation_mask
2026-01-08 05:59:39,0,E18,Galileo,18,233.346190684682,-15.3273879657025,32403301.2825615,0.108085778737507,0.00231432293242553,20.88400000002,0,below_elevation_mask
2026-01-08 05:59:39,0,E19,Galileo,19,119.188157996328,-45.6981287453821,33811465.6646284,0.112782909517452,0.00261583052126303,20.88400000002,0,below_elevation_mask
2026-01-08 05:59:39,0,E21,Galileo,21,110.367286022126,-50.6102551134358,34249034.9133347,0.114242483422764,-0.000713505249569796,20.88400000002,0,below_elevation_mask
2026-01-08 05:59:39,0,E23,Galileo,23,91.9029513436539,-12.8151283671739,30353097.2510066,0.101247034209935,-2.13071017752898e-05,20.88400000002,0,below_elevation_mask
2026-01-08 05:59:39,0,E25,Galileo,25,291.238292050294,33.4997901972843,25602159.5835367,0.0853996119660111,2.18006219655274e-05,20.88400000002,1,visible
2026-01-08 05:59:39,0,E26,Galileo,26,18.871157501402,-8.88426733304122,29939462.1359241,0.0998672959808886,0.000185100027253277,620.88400000002,0,below_elevation_mask
2026-01-08 05:59:39,0,E27,Galileo,27,186.749353570801,-74.0469565489233,35672645.7568635,0.118991138052124,-0.000874007495934232,20.88400000002,0,below_elevation_mask
2026-01-08 05:59:39,0,E29,Galileo,29,63.6533311514204,-53.4559290542561,34486702.2906923,0.115035256459628,-0.000167175219788071,20.88400000002,0,below_elevation_mask
2026-01-08 05:59:39,0,E30,Galileo,30,253.500779353676,-49.5890038189305,34160844.2687137,0.113948311096985,-0.000603766882710105,1220.88400000002,0,below_elevation_mask
2026-01-08 05:59:39,0,E31,Galileo,31,74.1758686495729,29.5222939881519,25944101.9424354,0.0865402089015708,-0.000110849456072301,1220.88400000002,1,visible
2026-01-08 05:59:39,0,E33,Galileo,33,51.2689955858901,23.6062151627185,26487852.2749065,0.0883539647782149,-9.54235945083935e-07,620.88400000002,1,visible
2026-01-08 05:59:39,0,E34,Galileo,34,231.907801630572,-44.2749493138851,33678143.0444484,0.112338193125754,-0.000228377306121322,20.88400000002,0,below_elevation_mask
2026-01-08 05:59:39,0,E36,Galileo,36,198.155967316444,-15.135598333497,30586559.854667,0.102025781631461,-0.000505974179305666,620.88400000002,0,below_elevation_mask
2026-01-08 05:59:39,0,J02,QZSS,2,71.2281829448801,68.6509551824396,39330306.1431489,0.131191779825058,-6.87962692675845e-07,20.88400000002,1,visible
2026-01-08 05:59:39,0,J03,QZSS,3,139.923079786983,38.8623226544958,37595099.6471518,0.125403753976865,-4.3910122560307e-07,20.88400000002,1,visible
2026-01-08 05:59:39,0,J04,QZSS,4,176.690791642845,11.9072892993498,37446907.4467951,0.124909438004592,-3.12711474629149e-06,20.88400000002,1,visible
2026-01-08 05:59:39,0,J07,QZSS,7,168.084078542637,47.7971767473582,37210093.6352637,0.124119512156853,3.32618708698763e-08,20.88400000002,1,visible
2026-01-08 05:59:39,0,J08,QZSS,8,224.11530306443,38.0790948276611,37917546.3618931,0.126479320443389,-9.60039050594255e-09,20.88400000002,1,visible
2026-01-08 06:14:39,15,C01,BeiDou,1,144.753202698929,36.6832415609886,37998032.689612,0.126747793934202,-0.000229664314169942,879.11599999998,1,visible
2026-01-08 06:14:39,15,C02,BeiDou,2,225.93867805918,27.6633959046921,38811469.2939458,0.129461126383459,0.000796218845174891,879.11599999998,1,visible
2026-01-08 06:14:39,15,C03,BeiDou,3,193.782076092744,40.5198898928146,37742613.0147972,0.125895805606948,0.000914360233876669,879.11599999998,1,visible
2026-01-08 06:14:39,15,C04,BeiDou,4,127.970561697267,27.0407710942824,38876172.9035421,0.129676954393369,-0.000886920906396951,879.11599999998,1,visible
2026-01-08 06:14:39,15,C05,BeiDou,5,248.378825268957,11.02824172009,40431852.4172482,0.134866142687446,-0.000165264666901769,879.11599999998,1,visible
2026-01-08 06:14:39,15,C06,BeiDou,6,178.664716068264,81.2032070654995,35783666.3227628,0.11936146279825,5.07344460792956e-05,879.11599999998,1,visible
2026-01-08 06:14:39,15,C07,BeiDou,7,247.749396571945,65.2524185342587,36488422.357654,0.121712275889389,0.000445048873232755,879.11599999998,1,visible
2026-01-08 06:14:39,15,C08,BeiDou,8,187.834400075969,-17.00380586962,43540630.5546052,0.145235910353039,-0.000657278787140258,879.11599999998,0,below_elevation_mask
2026-01-08 06:14:39,15,C09,BeiDou,9,299.863505408851,78.369626527144,36030344.4617381,0.120184292500574,0.00020112389785014,879.11599999998,1,visible
2026-01-08 06:14:39,15,C10,BeiDou,10,244.759306375823,49.8642920629541,37518370.5060945,0.125147813111745,-0.000391876209567154,879.11599999998,1,visible
2026-01-08 06:14:39,15,C11,BeiDou,11,61.1009500557163,59.5503570514161,22275282.8395347,0.0743023456565231,0.000818115952545381,879.11599999998,1,visible
2026-01-08 06:14:39,15,C12,BeiDou,12,39.2451606607521,10.4011284193536,26093597.3596649,0.0870388719374151,0.000172264416678364,879.11599999998,1,visible
2026-01-08 06:14:39,15,C13,BeiDou,13,199.520640907268,-16.7026359493636,43297050.3731854,0.144423414324804,-0.000270373034729552,879.11599999998,0,below_elevation_mask
2026-01-08 06:14:39,15,C14,BeiDou,14,145.036967590318,-21.2045211621374,29535769.9241883,0.0985207237074267,-0.000736017993294659,879.11599999998,0,below_elevation_mask
2026-01-08 06:14:39,15,C16,BeiDou,16,172.330671403432,80.9773435275718,35850367.188473,0.119583952937445,-0.000869240333292532,879.11599999998,1,visible
2026-01-08 06:14:39,15,C19,BeiDou,19,347.299301259746,-8.75078560403955,28195443.9225285,0.0940498774072847,-0.000960913938458782,879.11599999998,0,below_elevation_mask
2026-01-08 06:14:39,15,C20,BeiDou,20,306.259344892799,-1.07734547441313,27318383.7136609,0.0911243194572324,-0.000946843110611675,879.11599999998,0,below_elevation_mask
2026-01-08 06:14:39,15,C21,BeiDou,21,76.5064275096675,-25.4198667542555,30030955.012314,0.100172483366189,-0.000894088039320442,879.11599999998,0,below_elevation_mask
2026-01-08 06:14:39,15,C22,BeiDou,22,31.6873153659069,-19.0717402889509,29334845.91523,0.0978505133549091,0.000428695624197332,879.11599999998,0,below_elevation_mask
2026-01-08 06:14:39,15,C23,BeiDou,23,333.641205905992,70.299320701394,21826561.8269385,0.0728055734708926,-0.000513178700637557,879.11599999998,1,visible
2026-01-08 06:14:39,15,C24,BeiDou,24,122.813237938679,-1.99278767279777,27403361.1780303,0.0914077737673785,1.62535438818069e-05,879.11599999998,0,below_elevation_mask
2026-01-08 06:14:39,15,C25,BeiDou,25,112.767448272456,52.0931024255896,22604391.6001217,0.0754001343159929,0.000966598761637608,879.11599999998,1,visible
2026-01-08 06:14:39,15,C26,BeiDou,26,129.167419623003,-39.2147888024216,31512678.1973529,0.105114979901706,-0.000578416582331545,879.11599999998,0,below_elevation_mask
2026-01-08 06:14:39,15,C27,BeiDou,27,216.251747928073,-12.1438860530485,28535308.1019552,0.0951835422822918,0.000579241250515319,879.11599999998,0,below_elevation_mask
2026-01-08 06:14:39,15,C28,BeiDou,28,208.328636672463,24.8469345558517,24605081.9182188,0.0820737188732708,0.000468867234254142,879.11599999998,1,visible
2026-01-08 06:14:39,15,C29,BeiDou,29,305.745604072567,-82.4739709997127,34215786.3419125,0.114131578126333,0.000547277343510046,879.11599999998,0,below_elevation_mask
2026-01-08 06:14:39,15,C30,BeiDou,30,227.170376657686,-53.2889288318929,32752898.9111462,0.10925191090413,0.000360077610028231,879.11599999998,0,below_elevation_mask
2026-01-08 06:14:39,15,C32,BeiDou,32,256.716472644968,-0.0713163338152335,27182406.5964986,0.0906707486166935,-0.000966175553490227,879.11599999998,0,below_elevation_mask
2026-01-08 06:14:39,15,C33,BeiDou,33,167.385144780974,-16.7965326347292,29050274.7534171,0.0969012861338129,-0.000956757515998064,879.11599999998,0,below_elevation_mask
2026-01-08 06:14:39,15,C34,BeiDou,34,47.233326376317,34.5437522887019,23792098.5169337,0.079361898146663,0.000858350485979912,879.11599999998,1,visible
2026-01-08 06:14:39,15,C35,BeiDou,35,29.8104264235261,-48.5369068684286,32390216.552566,0.108042132776289,-0.000224234531644569,879.11599999998,0,below_elevation_mask
2026-01-08 06:14:39,15,C36,BeiDou,36,291.771069524298,-64.3005920012602,33501922.9302074,0.111750386096128,0.000306301437525816,879.11599999998,0,below_elevation_mask
2026-01-08 06:14:39,15,C37,BeiDou,37,309.4396656922,20.5889427996768,25021757.2628442,0.0834635982164842,-0.000905497184651552,879.11599999998,1,visible
2026-01-08 06:14:39,15,C38,BeiDou,38,175.524051462443,-11.3589365863491,42857273.7952014,0.142956477561558,0.00026755202169647,879.11599999998,0,below_elevation_mask
2026-01-08 06:14:39,15,C39,BeiDou,39,160.3228020184,66.226400544988,36133298.2831748,0.120527709483521,-1.77840622036943e-05,879.11599999998,1,visible
2026-01-08 06:14:39,15,C40,BeiDou,40,249.496796907313,73.4789860280369,36160570.4174522,0.120618679531465,-0.000197976278496314,879.11599999998,1,visible
2026-01-08 06:14:39,15,C41,BeiDou,41,209.121283589086,-7.18872294567892,27934044.6154226,0.0931779431736825,-0.00094676754086013,879.11599999998,0,below_elevation_mask
2026-01-08 06:14:39,15,C42,BeiDou,42,120.538514734261,-24.5149607097055,29891856.188559,0.0997084996332997,-0.000920728670947118,879.11599999998,0,below_elevation_mask
2026-01-08 06:14:39,15,C43,BeiDou,43,145.030985074773,77.4557728090585,21634481.3680441,0.0721648620261291,0.000129190527369178,879.11599999998,1,visible
2026-01-08 06:14:39,15,C44,BeiDou,44,37.878037775789,-12.8174802253022,28633927.7516058,0.0955125020243365,0.000906282290372248,879.11599999998,0,below_elevation_mask
2026-01-08 06:14:39,15,C45,BeiDou,45,158.906351781658,-78.7262829902009,34128640.5810883,0.113840891157737,-0.000635417465720967,879.11599999998,0,below_elevation_mask
2026-01-08 06:14:39,15,C46,BeiDou,46,302.329097606855,-25.6418384086687,30047777.4231464,0.100228596888673,-0.000334580389962273,879.11599999998,0,below_elevation_mask
2026-01-08 06:14:39,15,C47,BeiDou,47,NaN,NaN,NaN,NaN,NaN,879.11599999998,0,failed: 未能为卫星 C47 找到合适的星历。
2026-01-08 06:14:39,15,C48,BeiDou,48,NaN,NaN,NaN,NaN,NaN,879.11599999998,0,failed: 未能为卫星 C48 找到合适的星历。
2026-01-08 06:14:39,15,C49,BeiDou,49,NaN,NaN,NaN,NaN,NaN,879.11599999998,0,failed: 未能为卫星 C49 找到合适的星历。
2026-01-08 06:14:39,15,C50,BeiDou,50,NaN,NaN,NaN,NaN,NaN,879.11599999998,0,failed: 未能为卫星 C50 找到合适的星历。
2026-01-08 06:14:39,15,C59,BeiDou,59,150.867843661137,37.9170739311554,37941637.0437405,0.12655967830832,-2.3816396200485e-07,879.11599999998,1,visible
2026-01-08 06:14:39,15,C60,BeiDou,60,229.600639125761,25.0637993710254,39048167.6952954,0.130250667264269,-1.82084173877608e-08,879.11599999998,1,visible
2026-01-08 06:14:39,15,C62,BeiDou,62,NaN,NaN,NaN,NaN,NaN,879.11599999998,0,failed: 未能为卫星 C62 找到合适的星历。
2026-01-08 06:14:39,15,R01,GLONASS,1,112.436023015197,-35.6718701972809,28679201.6408985,0.0956635194635167,0.000153667258037204,20.8839945495129,0,below_elevation_mask
2026-01-08 06:14:39,15,R02,GLONASS,2,157.217266964836,-30.12034474547,28047714.5980271,0.0935571054226692,1.267530024052e-05,20.8839945495129,0,below_elevation_mask
2026-01-08 06:14:39,15,R03,GLONASS,3,202.489347164894,-12.025993549787,25983651.0026928,0.0866721303665777,0.0001364275813103,20.8839945495129,0,below_elevation_mask
2026-01-08 06:14:39,15,R04,GLONASS,4,242.170777637816,4.68181491109632,24159761.3842799,0.0805882894635057,0.000330934230142834,20.8839945495129,1,visible
2026-01-08 06:14:39,15,R05,GLONASS,5,287.617112936221,12.3200092595386,23378083.6136991,0.077980893080703,0.000161712022453286,20.8839945495129,1,visible
2026-01-08 06:14:39,15,R06,GLONASS,6,334.542923944721,3.54923626474988,24329636.8130642,0.0811549329004941,2.26516276598e-05,20.8839945495129,1,visible
2026-01-08 06:14:39,15,R07,GLONASS,7,21.6522002280921,-15.6870183855093,26553384.9346422,0.0885725582017218,0.000117120297570653,20.8839945495129,0,below_elevation_mask
2026-01-08 06:14:39,15,R08,GLONASS,8,63.0071787752536,-31.1049594643529,28252394.4660035,0.0942398439723372,-2.391636371613e-06,20.8839945495129,0,below_elevation_mask
2026-01-08 06:14:39,15,R09,GLONASS,9,283.465155833446,-52.959592039034,30347615.0156559,0.101228747441191,0.000300804978036436,20.8839945495129,0,below_elevation_mask
2026-01-08 06:14:39,15,R10,GLONASS,10,216.743757291853,-73.4451849415127,31534840.9555863,0.105188906905678,-0.000433356288399346,20.8839945495129,0,below_elevation_mask
2026-01-08 06:14:39,15,R11,GLONASS,11,143.819554250575,-52.3542795754069,30235215.158654,0.100853821875179,1.213885843754e-05,20.8839945495129,0,below_elevation_mask
2026-01-08 06:14:39,15,R12,GLONASS,12,121.8902894665,-13.5677138877419,26226374.3359967,0.0874817682571476,6.37899729813605e-05,20.8839945495129,0,below_elevation_mask
2026-01-08 06:14:39,15,R13,GLONASS,13,105.456334813973,25.0841185209871,22141566.5717316,0.0738563161976929,-6.578955799341e-05,20.8839945495129,1,visible
2026-01-08 06:14:39,15,R14,GLONASS,14,30.4778496343728,63.0728331436317,19667953.2005014,0.0656052301372485,3.09925526381e-05,20.8839945495129,1,visible
2026-01-08 06:14:39,15,R15,GLONASS,15,321.793498271706,28.7948044967314,21843947.1468594,0.072863564655984,6.03860244155e-05,20.8839945495129,1,visible
2026-01-08 06:14:39,15,R16,GLONASS,16,302.065399167205,-14.6481839113334,26393592.4784116,0.0880395479409011,4.37805074652382e-05,20.8839945495129,0,below_elevation_mask
2026-01-08 06:14:39,15,R17,GLONASS,17,188.108680478418,37.3344625325895,21144172.7296375,0.0705293684527498,0.000259887320804794,20.8839945495129,1,visible
2026-01-08 06:14:39,15,R18,GLONASS,18,199.39221368349,-5.18408205507864,25230605.4613708,0.0841602408202369,0.000241185503029369,20.8839945495129,0,below_elevation_mask
2026-01-08 06:14:39,15,R19,GLONASS,19,211.340303956124,-44.1957006769293,29523510.2332207,0.0984798297801765,2.84853613584753e-05,20.8839945495129,0,below_elevation_mask
2026-01-08 06:14:39,15,R20,GLONASS,20,256.728718952937,-76.6822700259103,31666910.2823156,0.105629442760417,0.000227700918913,20.8839945495129,0,below_elevation_mask
2026-01-08 06:14:39,15,R21,GLONASS,21,2.93978088814288,-62.2489405994757,30970859.2353103,0.103307666383356,-0.000270353488350107,20.8839945495129,0,below_elevation_mask
2026-01-08 06:14:39,15,R22,GLONASS,22,20.4797134480535,-19.4264830125834,26953466.2763648,0.0899070859092953,0.00010467403178931,20.8839945495129,0,below_elevation_mask
2026-01-08 06:14:39,15,R23,GLONASS,23,28.3457881846395,15.1727708080287,23101660.0437836,0.0770588433007999,-0.000175671651959,20.8839945495129,1,visible
2026-01-08 06:14:39,15,R24,GLONASS,24,83.7256091598307,71.8291682695249,19396490.9138723,0.0646997294170499,-0.000141749087654341,20.8839945495129,1,visible
2026-01-08 06:14:39,15,R26,GLONASS,26,NaN,NaN,NaN,NaN,NaN,3620.88400125504,0,ephemeris_too_old
2026-01-08 06:14:39,15,R27,GLONASS,27,NaN,NaN,NaN,NaN,NaN,20.8839945495129,0,failed: 未找到 GLONASS 卫星 R27 的合适星历。
2026-01-08 06:14:39,15,R28,GLONASS,28,NaN,NaN,NaN,NaN,NaN,5379.11600545049,0,ephemeris_too_old
2026-01-08 06:14:39,15,G01,GPS,1,179.166746061213,16.7093413581693,23967751.4975922,0.0799478134222851,0.000345901529539939,879.11599999998,1,visible
2026-01-08 06:14:39,15,G02,GPS,2,158.996966086652,45.4497692652273,21346088.8562628,0.0712028881535864,1.19452783268688e-05,879.11599999998,1,visible
2026-01-08 06:14:39,15,G03,GPS,3,185.911862944227,-16.2872379461364,27771696.9950127,0.0926364098025866,0.000604135678014589,879.11599999998,0,below_elevation_mask
2026-01-08 06:14:39,15,G04,GPS,4,203.591401729212,10.9877233256666,24486828.2342399,0.0816792670422678,3.68145454277721e-05,879.11599999998,1,visible
2026-01-08 06:14:39,15,G05,GPS,5,326.104842299939,-20.7949503650316,28074559.1000644,0.0936466490430004,-0.000226907126257031,879.11599999998,0,below_elevation_mask
2026-01-08 06:14:39,15,G06,GPS,6,232.023368554825,-49.6395686467612,31060348.3817192,0.103606170044876,-0.000600070536293825,879.11599999998,0,below_elevation_mask
2026-01-08 06:14:39,15,G07,GPS,7,306.362170445459,50.2186031119739,21710994.4302323,0.0724200821297254,-0.00013225487495286,879.11599999998,1,visible
2026-01-08 06:14:39,15,G08,GPS,8,3.23272995247812,76.4206195516186,20077412.0333298,0.0669710377881816,0.000506615818394365,879.11599999998,1,visible
2026-01-08 06:14:39,15,G09,GPS,9,235.358272687487,19.8656260594797,23663096.4064606,0.0789315934240768,0.000769946716049267,879.11599999998,1,visible
2026-01-08 06:14:39,15,G10,GPS,10,79.9542759020638,-1.56931201386349,26217674.5341949,0.0874527488419834,-0.000580904347254651,895.11599999998,0,below_elevation_mask
2026-01-08 06:14:39,15,G11,GPS,11,283.294453768132,-63.5992146291819,32063567.0577716,0.106952547344509,-0.000481745793768188,895.11599999998,0,below_elevation_mask
2026-01-08 06:14:39,15,G12,GPS,12,196.706185666815,-75.0096539452533,32889701.3565105,0.109708234743219,-0.000606265396153604,879.11599999998,0,below_elevation_mask
2026-01-08 06:14:39,15,G13,GPS,13,343.508983027979,-11.3752351039274,26833898.2789938,0.089508250000718,0.000690231668136373,911.11599999998,0,below_elevation_mask
2026-01-08 06:14:39,15,G14,GPS,14,285.774389677309,-1.58804526670461,26144219.2279262,0.0872077283142533,0.000727412972648189,879.11599999998,0,below_elevation_mask
2026-01-08 06:14:39,15,G15,GPS,15,6.47281429141069,-22.239643053859,27918245.649723,0.0931252434966958,0.00037468924727515,879.11599999998,0,below_elevation_mask
2026-01-08 06:14:39,15,G16,GPS,16,81.6856020095459,28.9562060435143,22894812.6422205,0.0763688746373349,0.000183514550609732,879.11599999998,1,visible
2026-01-08 06:14:39,15,G17,GPS,17,232.076660900677,-14.0354552785779,27049660.1457888,0.0902279541194754,-2.59438722561187e-05,879.11599999998,0,below_elevation_mask
2026-01-08 06:14:39,15,G18,GPS,18,25.07798661975,-8.84776079358599,26794115.0606617,0.0893755474684481,-0.000456481985122536,879.11599999998,0,below_elevation_mask
2026-01-08 06:14:39,15,G19,GPS,19,228.822537424569,-30.9541406539193,29464380.998784,0.0982825958843301,0.000684528106753899,879.11599999998,0,below_elevation_mask
2026-01-08 06:14:39,15,G20,GPS,20,299.775588096858,-31.017532155306,29261967.3655249,0.0976074166799917,0.00036179199800813,911.11599999998,0,below_elevation_mask
2026-01-08 06:14:39,15,G21,GPS,21,300.178714022758,-22.5639279712175,28370467.6079548,0.0946336935799591,0.000375654188488224,879.11599999998,0,below_elevation_mask
2026-01-08 06:14:39,15,G22,GPS,22,278.504974796929,-13.7480324726557,27203761.8754741,0.090741982159785,-6.1203489456145e-05,895.11599999998,0,below_elevation_mask
2026-01-08 06:14:39,15,G23,GPS,23,45.7412326085534,-3.16800880189917,26295220.1138078,0.0877114130529854,0.000596601701253372,879.11599999998,0,below_elevation_mask
2026-01-08 06:14:39,15,G24,GPS,24,355.765020898201,-68.3238222643042,32262128.7549564,0.107614877873133,-0.00017130770110108,879.11599999998,0,below_elevation_mask
2026-01-08 06:14:39,15,G25,GPS,25,128.718948056023,-60.8605884141097,32279842.2755684,0.10767396381789,0.000451305648851746,879.11599999998,0,below_elevation_mask
2026-01-08 06:14:39,15,G26,GPS,26,102.169908417667,3.55077048113665,25615247.8031072,0.0854432695671992,-0.000307872427510734,879.11599999998,1,visible
2026-01-08 06:14:39,15,G27,GPS,27,43.4097760641056,45.6713977454645,21339588.1504894,0.071181204133192,-1.44938990979279e-05,879.11599999998,1,visible
2026-01-08 06:14:39,15,G28,GPS,28,140.844849105675,-29.6987385517206,29126821.5503021,0.0971566187642455,-0.00061409524503877,0.884000000020023,0,below_elevation_mask
2026-01-08 06:14:39,15,G29,GPS,29,57.6891149479842,-55.1906073114047,31475769.9339509,0.104991867186835,-0.000396606091233942,895.11599999998,0,below_elevation_mask
2026-01-08 06:14:39,15,G30,GPS,30,314.961011059985,22.4266898377033,23635585.5500214,0.0788398270847139,8.08576055482184e-05,895.11599999998,1,visible
2026-01-08 06:14:39,15,G31,GPS,31,143.854471545897,-4.44885941633157,26560764.4240056,0.088597173528647,-0.000173774024075857,911.11599999998,0,below_elevation_mask
2026-01-08 06:14:39,15,G32,GPS,32,110.2422999585,-42.0166729622926,30327040.6437166,0.101160118723589,-0.000172733738159274,895.11599999998,0,below_elevation_mask
2026-01-08 06:14:39,15,E02,Galileo,2,276.035983753222,-8.35119551560865,29835589.898751,0.0995208154928002,8.74765608874758e-06,279.11599999998,0,below_elevation_mask
2026-01-08 06:14:39,15,E03,Galileo,3,296.174301493103,24.4033982550824,26400686.9317951,0.0880632124901389,7.63340617881531e-06,279.11599999998,1,visible
2026-01-08 06:14:39,15,E04,Galileo,4,156.199725084775,-20.0082052345788,31146277.485363,0.103892798681957,-3.591388798142e-05,279.11599999998,0,below_elevation_mask
2026-01-08 06:14:39,15,E05,Galileo,5,238.036253568165,31.8438619154478,25734586.0499399,0.0858413391104718,3.52752314803797e-06,320.88400000002,1,visible
2026-01-08 06:14:39,15,E06,Galileo,6,172.346076778024,-4.97273404788668,29452801.9091859,0.09824397219888,-0.000216669718353734,279.11599999998,0,below_elevation_mask
2026-01-08 06:14:39,15,E07,Galileo,7,9.46796152575032,-32.0320345120566,32496780.3088042,0.108397591205594,-3.75590969968436e-05,279.11599999998,0,below_elevation_mask
2026-01-08 06:14:39,15,E08,Galileo,8,335.906443080587,-3.3460736198063,29294882.7982616,0.0977172107453805,-6.95794813927274e-05,279.11599999998,0,below_elevation_mask
2026-01-08 06:14:39,15,E09,Galileo,9,189.514037682373,9.14073472741869,27900980.2834815,0.0930676524340098,-0.000164534874723109,320.88400000002,1,visible
2026-01-08 06:14:39,15,E10,Galileo,10,139.681225195782,38.6642519800693,25188810.9169042,0.084020829226145,-0.000763128996587797,279.11599999998,1,visible
2026-01-08 06:14:39,15,E11,Galileo,11,166.567464218373,22.6396605572261,26533216.876735,0.0885052848018444,0.00349405746202425,1479.11599999998,1,visible
2026-01-08 06:14:39,15,E12,Galileo,12,107.00103397583,44.1002660867078,24797609.1787395,0.0827159206878364,-1.7241492810962e-05,279.11599999998,1,visible
2026-01-08 06:14:39,15,E13,Galileo,13,345.498566917138,-43.7465461634207,33672658.2323718,0.112319897761977,-4.60876916660344e-05,279.11599999998,0,below_elevation_mask
2026-01-08 06:14:39,15,E14,Galileo,14,55.4663529820583,2.08690102597628,23437185.7057079,0.0781780364391552,0.00602496779546039,279.11599999998,1,visible
2026-01-08 06:14:39,15,E15,Galileo,15,284.590948673421,-59.3224708347175,34905467.6143837,0.116432107222603,-0.000226869686793295,279.11599999998,0,below_elevation_mask
2026-01-08 06:14:39,15,E18,Galileo,18,235.504982585524,-12.4213349223737,32403611.5721631,0.108086813752209,0.00231439304677845,279.11599999998,0,below_elevation_mask
2026-01-08 06:14:39,15,E19,Galileo,19,113.290554450517,-45.9569579924691,33836454.5346264,0.112866263415561,0.00261586179244013,279.11599999998,0,below_elevation_mask
2026-01-08 06:14:39,15,E21,Galileo,21,115.501991400485,-53.0614662334457,34445380.0405172,0.114897420269716,-0.000713507501386265,279.11599999998,0,below_elevation_mask
2026-01-08 06:14:39,15,E23,Galileo,23,96.2127658502427,-15.6511218288544,30674908.3044149,0.102320480338484,-2.13081905919372e-05,279.11599999998,0,below_elevation_mask
2026-01-08 06:14:39,15,E25,Galileo,25,296.451281617751,36.7681247524866,25343523.3675172,0.0845368944121911,2.18005200184579e-05,279.11599999998,1,visible
2026-01-08 06:14:39,15,E26,Galileo,26,17.0264433012178,-12.7824833504371,30382837.0782344,0.101346235595541,0.000185110103909948,279.11599999998,0,below_elevation_mask
2026-01-08 06:14:39,15,E27,Galileo,27,199.453741453273,-73.7548678338585,35661021.943645,0.118952365184734,-0.000874016802529232,279.11599999998,0,below_elevation_mask
2026-01-08 06:14:39,15,E29,Galileo,29,58.4729148631084,-50.3232196364467,34236328.4092566,0.114200099087405,-0.000167178305869498,279.11599999998,0,below_elevation_mask
2026-01-08 06:14:39,15,E30,Galileo,30,258.660746859935,-47.1656136458222,33952075.4133103,0.113251933153403,-0.000603803527419989,320.88400000002,0,below_elevation_mask
2026-01-08 06:14:39,15,E31,Galileo,31,79.2907737179493,26.3812729886777,26220234.4333783,0.0874612877465327,-0.000110851731099441,320.88400000002,1,visible
2026-01-08 06:14:39,15,E33,Galileo,33,46.3240928443406,21.5031161672992,26687538.5527954,0.08902004650429,-9.55081467071345e-07,279.11599999998,1,visible
2026-01-08 06:14:39,15,E34,Galileo,34,226.894925944666,-42.6289435039246,33523835.5770271,0.111823478818227,-0.000228379525375674,279.11599999998,0,below_elevation_mask
2026-01-08 06:14:39,15,E36,Galileo,36,196.319430091224,-11.2201144637383,30140764.4392362,0.100538768187545,-0.000505979181900215,279.11599999998,0,below_elevation_mask
2026-01-08 06:14:39,15,J02,QZSS,2,72.1004930025934,68.289042366926,39321947.0938386,0.131163897037859,-6.74907882138513e-07,879.11599999998,1,visible
2026-01-08 06:14:39,15,J03,QZSS,3,139.129960222078,41.7109201769673,37587861.2203759,0.125379609184084,-4.39904146387824e-07,879.11599999998,1,visible
2026-01-08 06:14:39,15,J04,QZSS,4,175.684903787927,10.5442331812938,37501477.887497,0.125091465401365,-3.14159635520495e-06,879.11599999998,1,visible
2026-01-08 06:14:39,15,J07,QZSS,7,168.083594538194,47.7923856168076,37210660.4326965,0.124121402789581,3.3237633019541e-08,879.11599999998,1,visible
2026-01-08 06:14:39,15,J08,QZSS,8,224.11577851895,38.0823776115353,37917059.3221467,0.126477695853665,-9.63275817854684e-09,879.11599999998,1,visible
2026-01-08 06:29:39,30,C01,BeiDou,1,144.556021287135,36.963902738752,37975988.6712563,0.126674263003829,-0.000229660964728648,1779.11599999998,1,visible
2026-01-08 06:29:39,30,C02,BeiDou,2,225.75174677136,27.4787462070841,38825827.3951775,0.12950901985392,0.000796236710345174,1779.11599999998,1,visible
2026-01-08 06:29:39,30,C03,BeiDou,3,193.781906563963,40.6273494704361,37733016.5455126,0.125863795231008,0.000914336424761495,1779.11599999998,1,visible
2026-01-08 06:29:39,30,C04,BeiDou,4,127.664979666432,27.3828374508593,38847788.800888,0.129582275218171,-0.000886906171889983,1779.11599999998,1,visible
2026-01-08 06:29:39,30,C05,BeiDou,5,248.094251360832,10.7971676761554,40453552.9900289,0.134938528006695,-0.000165246486167882,1779.11599999998,1,visible
2026-01-08 06:29:39,30,C06,BeiDou,6,183.993383582195,77.8261476641274,35827581.593193,0.119507948372714,5.07112530397672e-05,1779.11599999998,1,visible
2026-01-08 06:29:39,30,C07,BeiDou,7,254.499223503421,66.1502478450206,36453016.7780732,0.12159417558821,0.000445071868954438,1779.11599999998,1,visible
2026-01-08 06:29:39,30,C08,BeiDou,8,185.818468603157,-16.7655467345447,43523477.761906,0.145178694795271,-0.000657261244359707,1779.11599999998,0,below_elevation_mask
2026-01-08 06:29:39,30,C09,BeiDou,9,285.2313859793,79.0088799937338,35976904.3797776,0.120006035574709,0.000201153972687787,1779.11599999998,1,visible
2026-01-08 06:29:39,30,C10,BeiDou,10,249.513363694426,50.8208945711499,37468092.2063217,0.124980102756026,-0.000391893208123625,1779.11599999998,1,visible
2026-01-08 06:29:39,30,C11,BeiDou,11,53.2482509248455,54.8540240232517,22509580.488102,0.0750838784880371,0.000818130120928584,1779.11599999998,1,visible
2026-01-08 06:29:39,30,C12,BeiDou,12,39.1955498511074,5.31783382539826,26635868.6119703,0.0888476941336874,0.000172291262486641,1779.11599999998,1,visible
2026-01-08 06:29:39,30,C13,BeiDou,13,197.495091837325,-17.0214489789252,43339973.0908832,0.144566589099727,-0.000270388370448933,1779.11599999998,0,below_elevation_mask
2026-01-08 06:29:39,30,C14,BeiDou,14,139.883655145905,-20.5023315817571,29454707.9146611,0.0982503299487978,-0.0007360562574755,1779.11599999998,0,below_elevation_mask
2026-01-08 06:29:39,30,C16,BeiDou,16,179.548843117332,77.6512164175069,35881247.6140355,0.119686958949566,-0.000869232942502216,1779.11599999998,1,visible
2026-01-08 06:29:39,30,C19,BeiDou,19,342.412360990259,-8.15183012426247,28128595.653006,0.0938268955818961,-0.000960917034419384,1779.11599999998,0,below_elevation_mask
2026-01-08 06:29:39,30,C20,BeiDou,20,301.048803805146,-2.89820758036452,27521928.9301928,0.0918032732170759,-0.000946851636695658,1779.11599999998,0,below_elevation_mask
2026-01-08 06:29:39,30,C21,BeiDou,21,71.7595549511696,-22.2190944319183,29677799.9205655,0.0989944847797521,-0.000894083213420532,1779.11599999998,0,below_elevation_mask
2026-01-08 06:29:39,30,C22,BeiDou,22,27.2503269561911,-16.3617282550602,29029128.5462295,0.096830749979139,0.000428698524994174,1779.11599999998,0,below_elevation_mask
2026-01-08 06:29:39,30,C23,BeiDou,23,340.125996465985,76.3580153431235,21675267.6862088,0.0723009105392799,-0.000513172085403135,1779.11599999998,1,visible
2026-01-08 06:29:39,30,C24,BeiDou,24,126.120561894182,-6.33033562385284,27893026.1538044,0.0930411203133216,1.62279133756037e-05,1779.11599999998,0,below_elevation_mask
2026-01-08 06:29:39,30,C25,BeiDou,25,119.865819865054,47.1187216738531,22900440.5488054,0.0763876473130135,0.000966609462396917,1779.11599999998,1,visible
2026-01-08 06:29:39,30,C26,BeiDou,26,131.189027785786,-43.19560661981,31895340.5860186,0.106391404236122,-0.000578421411926588,1779.11599999998,0,below_elevation_mask
2026-01-08 06:29:39,30,C27,BeiDou,27,217.44282924236,-7.27647573423753,27979699.5174228,0.0933302315344531,0.00057924571994333,1779.11599999998,0,below_elevation_mask
2026-01-08 06:29:39,30,C28,BeiDou,28,210.801525205492,30.8253900209509,24083369.0305538,0.0803334719999988,0.000468871235138988,1779.11599999998,1,visible
2026-01-08 06:29:39,30,C29,BeiDou,29,271.365688309848,-82.9183989408387,34221764.2013876,0.114151518119204,0.000547281960418009,1779.11599999998,0,below_elevation_mask
2026-01-08 06:29:39,30,C30,BeiDou,30,225.546899795585,-49.3526063885632,32427612.4989454,0.10816687222647,0.00036008520959801,1779.11599999998,0,below_elevation_mask
2026-01-08 06:29:39,30,C32,BeiDou,32,251.979990816904,-3.53726164950682,27567109.5675729,0.0919539796013577,-0.000966170186216307,1779.11599999998,0,below_elevation_mask
2026-01-08 06:29:39,30,C33,BeiDou,33,162.480075004737,-17.3463519049517,29111986.2579276,0.0971071335554667,-0.000956751642617666,1779.11599999998,0,below_elevation_mask
2026-01-08 06:29:39,30,C34,BeiDou,34,45.605001757518,29.2471363621102,24232919.75879,0.0808323195335021,0.000858357560316073,1779.11599999998,1,visible
2026-01-08 06:29:39,30,C35,BeiDou,35,32.5911628494841,-53.004286746646,32760975.5871957,0.109278851795517,-0.000224246905191036,1779.11599999998,0,below_elevation_mask
2026-01-08 06:29:39,30,C36,BeiDou,36,298.668434799501,-60.9195621129451,33295903.291894,0.111063178553658,0.000306300087101179,1779.11599999998,0,below_elevation_mask
2026-01-08 06:29:39,30,C37,BeiDou,37,311.470033569388,25.6442653992118,24553899.6840708,0.0819029933170328,-0.000905501572992184,1779.11599999998,1,visible
2026-01-08 06:29:39,30,C38,BeiDou,38,173.90807653771,-10.3117974747429,42745306.9501715,0.142582996368012,0.000267553508591654,1779.11599999998,0,below_elevation_mask
2026-01-08 06:29:39,30,C39,BeiDou,39,166.036298787286,63.185166647515,36250280.5922739,0.12091792046441,-1.77850178761831e-05,1779.11599999998,1,visible
2026-01-08 06:29:39,30,C40,BeiDou,40,261.35305592769,73.9936479529789,36142287.4146488,0.120557693998589,-0.000197978357081319,1779.11599999998,1,visible
2026-01-08 06:29:39,30,C41,BeiDou,41,204.651476157312,-9.87400116719946,28233892.8376219,0.0941781291830295,-0.000946765975101556,1779.11599999998,0,below_elevation_mask
2026-01-08 06:29:39,30,C42,BeiDou,42,115.322432159807,-22.5655120065819,29678039.660385,0.0989952844657121,-0.000920724916675751,1779.11599999998,0,below_elevation_mask
2026-01-08 06:29:39,30,C43,BeiDou,43,112.006804740078,80.6164473476269,21584394.8311527,0.0719977913225312,0.000129191158550659,1779.11599999998,1,visible
2026-01-08 06:29:39,30,C44,BeiDou,44,39.1898363988619,-17.5378263280436,29173734.351059,0.0973131030236226,0.000906274322186251,1779.11599999998,0,below_elevation_mask
2026-01-08 06:29:39,30,C45,BeiDou,45,168.643809926508,-82.4788004974266,34211102.480942,0.114115954447867,-0.000635433892076038,1779.11599999998,0,below_elevation_mask
2026-01-08 06:29:39,30,C46,BeiDou,46,305.780904749874,-21.6068973582978,29598658.2298112,0.0987304965150632,-0.000334584258643536,1779.11599999998,0,below_elevation_mask
2026-01-08 06:29:39,30,C47,BeiDou,47,NaN,NaN,NaN,NaN,NaN,1779.11599999998,0,failed: 未能为卫星 C47 找到合适的星历。
2026-01-08 06:29:39,30,C48,BeiDou,48,NaN,NaN,NaN,NaN,NaN,1779.11599999998,0,failed: 未能为卫星 C48 找到合适的星历。
2026-01-08 06:29:39,30,C49,BeiDou,49,NaN,NaN,NaN,NaN,NaN,1779.11599999998,0,failed: 未能为卫星 C49 找到合适的星历。
2026-01-08 06:29:39,30,C50,BeiDou,50,NaN,NaN,NaN,NaN,NaN,1779.11599999998,0,failed: 未能为卫星 C50 找到合适的星历。
2026-01-08 06:29:39,30,C59,BeiDou,59,150.75001402465,38.1028993355908,37926904.073623,0.126510534409852,-2.38194882803692e-07,1779.11599999998,1,visible
2026-01-08 06:29:39,30,C60,BeiDou,60,229.489035338612,24.9882969023551,39054991.7833885,0.130273429971972,-1.81192639026988e-08,1779.11599999998,1,visible
2026-01-08 06:29:39,30,C62,BeiDou,62,NaN,NaN,NaN,NaN,NaN,1779.11599999998,0,failed: 未能为卫星 C62 找到合适的星历。
2026-01-08 06:29:39,30,R01,GLONASS,1,105.568454305672,-33.0177688499512,28402592.3542803,0.0947408501993745,0.000153668076583274,879.116002097726,0,below_elevation_mask
2026-01-08 06:29:39,30,R02,GLONASS,2,150.448076518766,-30.9966569566943,28150845.1737808,0.0939011119945546,1.267530024052e-05,879.116002097726,0,below_elevation_mask
2026-01-08 06:29:39,30,R03,GLONASS,3,197.349844315198,-16.0878363381486,26448973.9442822,0.08822428062644,0.0001364275813103,879.116002097726,0,below_elevation_mask
2026-01-08 06:29:39,30,R04,GLONASS,4,236.920224166006,-0.582187048417911,24733457.2526254,0.0825019328959417,0.000330935867229815,879.116002097726,0,below_elevation_mask
2026-01-08 06:29:39,30,R05,GLONASS,5,280.665239691945,8.8769052005459,23731988.6731515,0.0791613932901256,0.000161712840997444,879.116002097726,1,visible
2026-01-08 06:29:39,30,R06,GLONASS,6,327.748979991675,4.23210323184708,24251785.4953033,0.0808952488568052,2.26516276598e-05,879.116002097726,1,visible
2026-01-08 06:29:39,30,R07,GLONASS,7,16.5696791389378,-11.6791951736237,26094154.8617641,0.0870407315642479,0.000117121116117272,879.116002097726,0,below_elevation_mask
2026-01-08 06:29:39,30,R08,GLONASS,8,57.7559474856927,-26.5309654280069,27761232.5711983,0.0926015042419722,-2.391636371613e-06,879.116002097726,0,below_elevation_mask
2026-01-08 06:29:39,30,R09,GLONASS,9,291.09383815097,-49.3762381145059,30054489.8875958,0.100250987259979,0.000300807433674784,879.116002097726,0,below_elevation_mask
2026-01-08 06:29:39,30,R10,GLONASS,10,235.8828496202,-73.9502578202957,31549943.3719159,0.105239283144061,-0.000433361199670443,879.116002097726,0,below_elevation_mask
2026-01-08 06:29:39,30,R11,GLONASS,11,149.13030814545,-56.7080193492464,30575522.7698279,0.101988965879281,1.213885843754e-05,879.116002097726,0,below_elevation_mask
2026-01-08 06:29:39,30,R12,GLONASS,12,126.780793392819,-18.2320067330893,26756534.0602865,0.0892501907445801,6.3790791524979e-05,879.116002097726,0,below_elevation_mask
2026-01-08 06:29:39,30,R13,GLONASS,13,112.512402615559,20.2296592602,22590839.754617,0.0753549302251527,-6.578955799341e-05,879.116002097726,1,visible
2026-01-08 06:29:39,30,R14,GLONASS,14,49.6837825137986,64.6051979194986,19606366.7974571,0.0653998000091688,3.09925526381e-05,879.116002097726,1,visible
2026-01-08 06:29:39,30,R15,GLONASS,15,326.890363770129,34.8436647204271,21348734.4813539,0.071211713008984,6.03860244155e-05,879.116002097726,1,visible
2026-01-08 06:29:39,30,R16,GLONASS,16,306.995821800025,-9.94386287866861,25854734.002521,0.0862421095413983,4.37813260121043e-05,879.116002097726,0,below_elevation_mask
2026-01-08 06:29:39,30,R17,GLONASS,17,190.295209381764,45.9099254535268,20555600.9193316,0.0685661042191114,0.000259889776445832,879.116002097726,1,visible
2026-01-08 06:29:39,30,R18,GLONASS,18,200.61610707399,1.57864977941797,24473378.1303119,0.0816344023247972,0.000241186321576894,879.116002097726,1,visible
2026-01-08 06:29:39,30,R19,GLONASS,19,209.650553368011,-38.8915271529343,29010625.9816708,0.0967690320670803,2.84869984520427e-05,879.116002097726,0,below_elevation_mask
2026-01-08 06:29:39,30,R20,GLONASS,20,236.629503555804,-74.3984513321368,31581442.8446496,0.105344354075277,0.000227700918913,879.116002097726,0,below_elevation_mask
2026-01-08 06:29:39,30,R21,GLONASS,21,4.44539371429809,-68.1379755383233,31305452.3001866,0.104423748712806,-0.000270356762526959,879.116002097726,0,below_elevation_mask
2026-01-08 06:29:39,30,R22,GLONASS,22,21.4047178563583,-25.5274420505227,27638983.7012457,0.0921937259050249,0.000104676487418766,879.116002097726,0,below_elevation_mask
2026-01-08 06:29:39,30,R23,GLONASS,23,27.2664863829992,8.44933373394321,23796107.5816351,0.07937527094706,-0.000175671651959,879.116002097726,1,visible
2026-01-08 06:29:39,30,R24,GLONASS,24,58.9257809676466,68.5833548029267,19493257.7086305,0.0650225087004374,-0.000141750724744195,879.116002097726,1,visible
2026-01-08 06:29:39,30,R26,GLONASS,26,NaN,NaN,NaN,NaN,NaN,2720.8840046078,0,failed: 未找到 GLONASS 卫星 R26 的合适星历。
2026-01-08 06:29:39,30,R27,GLONASS,27,NaN,NaN,NaN,NaN,NaN,879.116002097726,0,failed: 未找到 GLONASS 卫星 R27 的合适星历。
2026-01-08 06:29:39,30,R28,GLONASS,28,NaN,NaN,NaN,NaN,NaN,6279.11600209773,0,ephemeris_too_old
2026-01-08 06:29:39,30,G01,GPS,1,177.620858757748,23.1570832535623,23349919.4915687,0.0778869476815481,0.000345898197513101,1779.11599999998,1,visible
2026-01-08 06:29:39,30,G02,GPS,2,153.935948113162,52.5011133019204,20978542.3048481,0.069976884824928,1.19498252256729e-05,1779.11599999998,1,visible
2026-01-08 06:29:39,30,G03,GPS,3,180.74228834126,-14.8423349114741,27596630.7097801,0.0920524515322533,0.000604128572211195,1779.11599999998,0,below_elevation_mask
2026-01-08 06:29:39,30,G04,GPS,4,199.855642502722,5.88861302562825,25031064.2127614,0.083494642859766,3.6815662482528e-05,1779.11599999998,1,visible
2026-01-08 06:29:39,30,G05,GPS,5,321.244266653299,-24.0036574414841,28450317.7403442,0.0949000449515786,-0.000226908629083219,1779.11599999998,0,below_elevation_mask
2026-01-08 06:29:39,30,G06,GPS,6,226.474478561009,-46.653035423634,30783849.7203629,0.102683869786887,-0.000600074741803574,1779.11599999998,0,below_elevation_mask
2026-01-08 06:29:39,30,G07,GPS,7,299.499869239052,55.3569287713489,21373996.0312979,0.0712959764694877,-0.000132255957208779,1779.11599999998,1,visible
2026-01-08 06:29:39,30,G08,GPS,8,18.0715633993909,70.4440737850543,20248563.5075776,0.0675419376546744,0.000506609404939809,1779.11599999998,1,visible
2026-01-08 06:29:39,30,G09,GPS,9,230.148751426663,15.2287024767268,24127661.0291348,0.0804812142043107,0.000769946984330007,1779.11599999998,1,visible
2026-01-08 06:29:39,30,G10,GPS,10,74.400843870426,1.21104684595573,25928668.5262459,0.0864887285665003,-0.000580904238876196,1795.11599999998,1,visible
2026-01-08 06:29:39,30,G11,GPS,11,272.191636734351,-64.6945745412062,32123544.9189842,0.107152611954581,-0.000481734463181973,1795.11599999998,0,below_elevation_mask
2026-01-08 06:29:39,30,G12,GPS,12,213.216706636697,-74.6887906812541,32869334.4992014,0.109640298219915,-0.000606263235920711,1779.11599999998,0,below_elevation_mask
2026-01-08 06:29:39,30,G13,GPS,13,339.735714871564,-7.40951033073999,26393833.6379845,0.0880403523626483,0.000690227953554965,1811.11599999998,0,below_elevation_mask
2026-01-08 06:29:39,30,G14,GPS,14,290.002620253646,2.6077359128766,25677313.4764795,0.085650298369012,0.000727417140556021,1779.11599999998,1,visible
2026-01-08 06:29:39,30,G15,GPS,15,2.03173599181966,-18.9245440326969,27521418.9405532,0.0918015720747491,0.000374687689953704,1779.11599999998,0,below_elevation_mask
2026-01-08 06:29:39,30,G16,GPS,16,87.5659630691196,24.6862391264592,23323425.9951477,0.0777985748899251,0.000183521797332746,1779.11599999998,1,visible
2026-01-08 06:29:39,30,G17,GPS,17,235.299661243053,-9.09364112267641,26509497.76931,0.0884261663757731,-2.59578639470695e-05,1779.11599999998,0,below_elevation_mask
2026-01-08 06:29:39,30,G18,GPS,18,23.444453103331,-13.903145362619,27351878.1642179,0.0912360449181745,-0.000456473383237434,1779.11599999998,0,below_elevation_mask
2026-01-08 06:29:39,30,G19,GPS,19,231.253005897125,-26.4450259289273,28999588.2967136,0.0967322143131218,0.000684532172388606,1779.11599999998,0,below_elevation_mask
2026-01-08 06:29:39,30,G20,GPS,20,294.507961355084,-34.3301723394961,29598692.4306318,0.098730610596721,0.000361791561187905,1811.11599999998,0,below_elevation_mask
2026-01-08 06:29:39,30,G21,GPS,21,295.035444108791,-25.7057434538236,28719186.4141568,0.0957968943106527,0.000375663737112532,3.11599999997998,0,below_elevation_mask
2026-01-08 06:29:39,30,G22,GPS,22,283.061194791552,-9.71993138515307,26785948.9367251,0.0893483082110262,-6.1201053415058e-05,1795.11599999998,0,below_elevation_mask
2026-01-08 06:29:39,30,G23,GPS,23,40.0434092653546,-2.44221038054316,26202883.722417,0.0874034120045041,0.000596607684394048,1779.11599999998,0,below_elevation_mask
2026-01-08 06:29:39,30,G24,GPS,24,354.953804970537,-63.3070637004709,31925689.5088537,0.106492637345979,-0.000171296136951962,1779.11599999998,0,below_elevation_mask
2026-01-08 06:29:39,30,G25,GPS,25,134.624402873901,-64.1883843006607,32478850.332885,0.10833778324365,0.000451307378003712,1779.11599999998,0,below_elevation_mask
2026-01-08 06:29:39,30,G26,GPS,26,106.556240093735,-0.650010486262224,26101267.6203055,0.0870644571729204,-0.000307875361572874,1779.11599999998,0,below_elevation_mask
2026-01-08 06:29:39,30,G27,GPS,27,45.9401634214506,39.349524483653,21806471.3326462,0.0727385587953858,-1.45035920703977e-05,1779.11599999998,1,visible
2026-01-08 06:29:39,30,G28,GPS,28,140.432915876906,-34.4865853717804,29635808.5780849,0.0988544167381453,-0.000614090768123227,899.11599999998,0,below_elevation_mask
2026-01-08 06:29:39,30,G29,GPS,29,63.7869249094552,-59.1549991588125,31768053.3745266,0.105966819800806,-0.000396601158483601,1795.11599999998,0,below_elevation_mask
2026-01-08 06:29:39,30,G30,GPS,30,313.076950147603,27.9860482599886,23112843.1038551,0.0770961459739426,8.08702324033567e-05,1795.11599999998,1,visible
2026-01-08 06:29:39,30,G31,GPS,31,145.042208143262,-9.76525633797878,27169038.7834697,0.0906261583921156,-0.00017376897116272,1811.11599999998,0,below_elevation_mask
2026-01-08 06:29:39,30,G32,GPS,32,103.377362155274,-41.1957920981891,30281454.0986016,0.101008058376844,-0.000172719165653674,1795.11599999998,0,below_elevation_mask
2026-01-08 06:29:39,30,E02,Galileo,2,280.297144617952,-5.40303416141587,29502128.9765822,0.0984085095849282,8.75001857377432e-06,579.11599999998,0,below_elevation_mask
2026-01-08 06:29:39,30,E03,Galileo,3,290.331747740673,24.1963156064368,26419327.561452,0.0881253909377934,7.63130179736651e-06,20.88400000002,1,visible
2026-01-08 06:29:39,30,E04,Galileo,4,153.037600353159,-22.7016598856546,31447845.0463357,0.104898719788127,-3.59236906456649e-05,20.88400000002,0,below_elevation_mask
2026-01-08 06:29:39,30,E05,Galileo,5,233.519950684528,27.3728213292492,26118357.5809593,0.0871214631455448,3.5301533899266e-06,20.88400000002,1,visible
2026-01-08 06:29:39,30,E06,Galileo,6,170.046966647308,-8.67048843786432,29872513.4502914,0.0996439792034109,-0.000216674125648627,20.88400000002,0,below_elevation_mask
2026-01-08 06:29:39,30,E07,Galileo,7,7.40301190379113,-28.0621008964144,32074023.555279,0.106987426465809,-3.75611381493523e-05,20.88400000002,0,below_elevation_mask
2026-01-08 06:29:39,30,E08,Galileo,8,332.70689647627,-0.472587957710434,28973347.3528294,0.096644683946083,-6.9585633527267e-05,579.11599999998,0,below_elevation_mask
2026-01-08 06:29:39,30,E09,Galileo,9,187.468181082735,4.58443745459981,28389505.8206822,0.0946971982219851,-0.000164548618832412,579.11599999998,1,visible
2026-01-08 06:29:39,30,E10,Galileo,10,135.390369916946,44.0866991629125,24803746.6236558,0.0827363930004397,-0.000763131416640963,579.11599999998,1,visible
2026-01-08 06:29:39,30,E11,Galileo,11,165.18269259922,28.3293182126714,26016977.1792364,0.0867832945258297,0.00349421500765492,1220.88400000002,1,visible
2026-01-08 06:29:39,30,E12,Galileo,12,99.2261232484841,47.098315786179,24603414.7296769,0.0820681577308957,-1.72434151649424e-05,20.88400000002,1,visible
2026-01-08 06:29:39,30,E13,Galileo,13,344.068196288019,-48.2074749755482,34069135.3917819,0.113642403211431,-4.60881591039713e-05,20.88400000002,0,below_elevation_mask
2026-01-08 06:29:39,30,E14,Galileo,14,57.678412247474,-4.65985930893322,23785224.7697462,0.0793389697940507,0.0060253618967997,1179.11599999998,0,below_elevation_mask
2026-01-08 06:29:39,30,E15,Galileo,15,276.691114759869,-61.3009381257238,35031573.3931503,0.116852750822538,-0.000226872112707439,20.88400000002,0,below_elevation_mask
2026-01-08 06:29:39,30,E18,Galileo,18,237.911007263589,-9.67066217683769,32375202.9446086,0.107992052770749,0.00231446546091163,20.88400000002,0,below_elevation_mask
2026-01-08 06:29:39,30,E19,Galileo,19,107.267958317916,-45.5918239977543,33805606.1153876,0.112763364165044,0.00261589337284116,20.88400000002,0,below_elevation_mask
2026-01-08 06:29:39,30,E21,Galileo,21,120.636504093435,-55.5490702672453,34634471.3961973,0.115528161139388,-0.000713509685992539,579.11599999998,0,below_elevation_mask
2026-01-08 06:29:39,30,E23,Galileo,23,100.476766865882,-18.4891986092583,30995692.3686253,0.103390500799808,-2.13093018002382e-05,20.88400000002,0,below_elevation_mask
2026-01-08 06:29:39,30,E25,Galileo,25,301.674894254894,40.1382139922021,25090964.8936572,0.0836944500240136,2.18004542332814e-05,20.88400000002,1,visible
2026-01-08 06:29:39,30,E26,Galileo,26,15.6480683751756,-16.8859243252126,30848424.1503733,0.102899266900081,0.000185120281498791,20.88400000002,0,below_elevation_mask
2026-01-08 06:29:39,30,E27,Galileo,27,211.852758401978,-73.1957553024444,35639107.5923126,0.118879266776993,-0.000874026038641665,20.88400000002,0,below_elevation_mask
2026-01-08 06:29:39,30,E29,Galileo,29,53.9181848595175,-46.947930915493,33949049.1412276,0.113241838596312,-0.00016718123590093,20.88400000002,0,below_elevation_mask
2026-01-08 06:29:39,30,E30,Galileo,30,263.771363007049,-44.7203731518629,33732851.6390455,0.112520681354317,-0.000603840133338416,20.88400000002,0,below_elevation_mask
2026-01-08 06:29:39,30,E31,Galileo,31,84.3599855232082,23.2653596661314,26504867.1918871,0.0884107204320899,-0.000110853980715426,20.88400000002,1,visible
2026-01-08 06:29:39,30,E33,Galileo,33,42.0244959841807,18.7617323950538,26953769.7805919,0.0899080982904245,-9.55724659942692e-07,20.88400000002,1,visible
2026-01-08 06:29:39,30,E34,Galileo,34,222.529382665978,-40.437005116452,33313657.7444958,0.111122401032836,-0.000228381834466896,20.88400000002,0,below_elevation_mask
2026-01-08 06:29:39,30,E36,Galileo,36,194.951503835449,-6.980978800915,29658864.0533456,0.0989313215255922,-0.000505984181485815,579.11599999998,0,below_elevation_mask
2026-01-08 06:29:39,30,J02,QZSS,2,73.3951646858009,67.9565106307885,39300944.3288488,0.131093839354854,-6.61957967547276e-07,1779.11599999998,1,visible
2026-01-08 06:29:39,30,J03,QZSS,3,138.304345228803,44.55314259822,37590761.681332,0.125389284080429,-4.3976995334536e-07,1779.11599999998,1,visible
2026-01-08 06:29:39,30,J04,QZSS,4,174.572865590569,9.37104631226858,37551878.9489413,0.125259585245941,-3.15649760832472e-06,1779.11599999998,1,visible
2026-01-08 06:29:39,30,J07,QZSS,7,168.083144103141,47.7877749550895,37211245.9980459,0.12412335602534,3.32146440992297e-08,1779.11599999998,1,visible
2026-01-08 06:29:39,30,J08,QZSS,8,224.116231241736,38.0857226304834,37916601.018493,0.126476167117229,-9.66575537305381e-09,1779.11599999998,1,visible
